feature,mean_importance
pH,0.013849121134135934
fixed_acidity,0.02561392595307165
citric_acid,0.029399709908534598
sulphates,0.037780627723181616
residual_sugar,0.04531690270933646
free_sulfur_dioxide,0.057110466489321964
chlorides,0.07349525404998072
volatile_acidity,0.16330487804598026
alcohol,0.38818674390659524
