feature,mean_importance
fixed_acidity,0.021628728212869687
pH,0.02764751407022705
citric_acid,0.028858413584045717
residual_sugar,0.03204824718950061
chlorides,0.036432297145682656
sulphates,0.03779708793251476
free_sulfur_dioxide,0.05779044769101184
volatile_acidity,0.1186231608960048
alcohol,0.21098708750686504
