feature,mean_importance
pH,0.009339721152263425
fixed_acidity,0.012589203490050393
sulphates,0.01697953854525802
residual_sugar,0.019061698236993684
citric_acid,0.02239781896918196
free_sulfur_dioxide,0.02311838987224344
chlorides,0.023158261335166498
volatile_acidity,0.0418588974491622
alcohol,0.09035752736284268
