feature,mean_importance
fixed_acidity,0.021967934055180383
residual_sugar,0.024989757197808427
pH,0.0297885841643696
citric_acid,0.03623841218041851
chlorides,0.045356072070555385
free_sulfur_dioxide,0.052900610809430385
sulphates,0.05891461965578939
volatile_acidity,0.10105545873699476
alcohol,0.3072007350715343
