feature,mean_importance
fixed_acidity,0.03149843706374026
citric_acid,0.04063691728646174
pH,0.040957535807235046
residual_sugar,0.04923749543223812
chlorides,0.06640037172031023
free_sulfur_dioxide,0.07054751760866435
sulphates,0.08685092757493271
volatile_acidity,0.08913797743951822
alcohol,0.27791667402070314
