feature,mean_importance
pH,0.01840186192306633
citric_acid,0.02294735651833152
residual_sugar,0.025245456817235577
fixed_acidity,0.027799897778776304
sulphates,0.04020259388279991
chlorides,0.04520727543663916
free_sulfur_dioxide,0.05730855464915694
volatile_acidity,0.08558403370575565
alcohol,0.2312806691967264
