feature,mean_importance
fixed_acidity,0.00036851722122506204
citric_acid,0.010895578032573239
residual_sugar,0.015267941211463631
pH,0.02676278009585552
sulphates,0.028720394316176456
chlorides,0.030257424448375602
free_sulfur_dioxide,0.06596226146182228
volatile_acidity,0.1279649808059778
alcohol,0.2822504550640883
