feature,mean_importance
fixed_acidity,0.016671821918373964
citric_acid,0.024653021577322742
pH,0.028574101985743738
residual_sugar,0.03264152214891521
chlorides,0.04583832752784235
sulphates,0.05767764297848331
free_sulfur_dioxide,0.06200039222754979
volatile_acidity,0.09694478155718146
alcohol,0.2313835934190732
