feature,mean_importance
fixed_acidity,0.016079921423011678
pH,0.039626210349075396
citric_acid,0.04059679046262697
residual_sugar,0.04319437020507032
chlorides,0.04820834684604848
sulphates,0.057132326687101165
free_sulfur_dioxide,0.08091326235256668
volatile_acidity,0.13403107198657765
alcohol,0.28258324758371467
