feature,mean_importance
pH,0.014776544670646907
citric_acid,0.029056689665429326
fixed_acidity,0.03282088434342234
sulphates,0.03789991884755288
chlorides,0.04277663662300037
free_sulfur_dioxide,0.045590078727723006
residual_sugar,0.045868742457422194
volatile_acidity,0.08370296487792481
alcohol,0.2253232501710675
