feature,mean_importance
pH,0.04207302068283166
fixed_acidity,0.04254033825377059
citric_acid,0.0433418071471678
chlorides,0.044296251062221605
residual_sugar,0.05189263049802793
free_sulfur_dioxide,0.06521868751152982
volatile_acidity,0.08516248200315443
sulphates,0.10572328116633718
alcohol,0.2745726556493485
