feature,mean_importance
fixed_acidity,0.020692106361768915
citric_acid,0.029000529108325658
sulphates,0.031130134995551506
pH,0.032019617986258554
residual_sugar,0.03941068769673704
chlorides,0.04404202467707387
free_sulfur_dioxide,0.06984474525069927
volatile_acidity,0.09352946542266836
alcohol,0.25301304809222824
