feature,mean_importance
fixed_acidity,0.013272231449915583
citric_acid,0.016636369749307822
pH,0.016976920194481916
residual_sugar,0.02086915940043692
chlorides,0.04331031721123844
sulphates,0.0571077066988982
free_sulfur_dioxide,0.08592574101777983
volatile_acidity,0.11615810587597075
alcohol,0.39025258561899256
