feature,mean_importance
fixed_acidity,0.023575474004599285
residual_sugar,0.026525826564510246
pH,0.029694378013422285
citric_acid,0.03150310348102735
free_sulfur_dioxide,0.05612044597743384
chlorides,0.06412587068802013
sulphates,0.06892858990139192
volatile_acidity,0.08666572454588055
alcohol,0.3328938994651256
