feature,mean_importance
pH,0.023815948952388866
fixed_acidity,0.03197548362785683
citric_acid,0.03727722647456809
sulphates,0.04318138055995494
residual_sugar,0.04951877470957403
free_sulfur_dioxide,0.05131068548758415
chlorides,0.08317216546587633
volatile_acidity,0.12325843087186912
alcohol,0.3073012041041814
