feature,mean_importance
fixed_acidity,0.00899861701879855
pH,0.01870439428524734
citric_acid,0.027414287462853716
volatile_acidity,0.031616004574122857
residual_sugar,0.03175917526759492
sulphates,0.042810527849352
free_sulfur_dioxide,0.04312078522527383
chlorides,0.04484527323487273
alcohol,0.1866495311325504
